<?xml version="1.0" encoding="utf-8" ?>
<dwsync>
<file name="The_American_College,_Madurai_2.jpg" server="C:/wamp/www" local="130874077120000000" remote="130874077120000000" Dst="0" />
<file name="n-KINDERGARTEN-CLASS-large570.jpg" server="C:/wamp/www" local="130872083320000000" remote="130872083320000000" Dst="0" />
<file name="MAC17_KINDERGARTEN02www.jpg" server="C:/wamp/www" local="130872083980000000" remote="130872083980000000" Dst="0" />
<file name="school-kids.jpg" server="C:/wamp/www" local="130872341262971251" remote="130872341280000000" Dst="0" />
<file name="imagess.jpg" server="C:/wamp/www" local="130872098580000000" remote="130872098580000000" Dst="0" />
<file name="icon.png" server="C:/wamp/www" local="130882895986291513" remote="130882895980000000" Dst="0" />
<file name="logo2.png" server="C:/wamp/www" local="130882895746707136" remote="130882895740000000" Dst="0" />
<file name="home_button.png" server="C:/wamp/www" local="130871649240000000" remote="130871649240000000" Dst="0" />
<file name="Terms-of-Use.png" server="C:/wamp/www" local="130883807579525352" remote="130883807570000000" Dst="0" />
</dwsync>